TRUNCATE Person;

INSERT INTO `Person` (`PersonID`, `PersonRole`, `FirstName`, `LastName`, `Address`, `Birthday`, `PhoneNumber`) VALUES (1, 'Nurse, Technician', 'Tania', 'Nienow', '13374 Wiza Mission Suite 803\nColebu', '1989-07-30', '305-928-6654x79');
INSERT INTO `Person` (`PersonID`, `PersonRole`, `FirstName`, `LastName`, `Address`, `Birthday`, `PhoneNumber`) VALUES (2, 'Nurse, Technician', 'Norene', 'Crona', '8687 Wilmer Extension Apt. 833\nNick', '1992-03-28', '02108981009');
INSERT INTO `Person` (`PersonID`, `PersonRole`, `FirstName`, `LastName`, `Address`, `Birthday`, `PhoneNumber`) VALUES (3, 'Nurse, Technician', 'Abdiel', 'Trantow', '1993 Gretchen Glen\nNew Sadie, WY 07', '1997-07-07', '1-596-105-6095');
INSERT INTO `Person` (`PersonID`, `PersonRole`, `FirstName`, `LastName`, `Address`, `Birthday`, `PhoneNumber`) VALUES (4, 'Nurse, Technician', 'Ezequiel', 'Mueller', '039 Roderick Well Apt. 024\nMantebur', '1982-06-18', '037-384-0016x26');
INSERT INTO `Person` (`PersonID`, `PersonRole`, `FirstName`, `LastName`, `Address`, `Birthday`, `PhoneNumber`) VALUES (5, 'Nurse, Technician', 'Monique', 'Altenwerth', '6310 Lou Plains\nD\'Amoreborough, VT', '1984-03-21', '947.686.5453x86');
INSERT INTO `Person` (`PersonID`, `PersonRole`, `FirstName`, `LastName`, `Address`, `Birthday`, `PhoneNumber`) VALUES (6, 'Nurse, Volunteer', 'Eva', 'Conn', '71278 Satterfield Spring Apt. 480\nE', '1987-01-23', '00769408136');
INSERT INTO `Person` (`PersonID`, `PersonRole`, `FirstName`, `LastName`, `Address`, `Birthday`, `PhoneNumber`) VALUES (7, 'Nurse, Volunteer', 'Letitia', 'Schamberger', '3701 Fisher Trail Apt. 323\nRippinpo', '1972-07-12', '1-761-429-7286x');
INSERT INTO `Person` (`PersonID`, `PersonRole`, `FirstName`, `LastName`, `Address`, `Birthday`, `PhoneNumber`) VALUES (8, 'Nurse, Volunteer', 'Rudy', 'Walker', '43165 Maci Flats\nJoanchester, OH 33', '1964-01-24', '(861)899-3864x7');
INSERT INTO `Person` (`PersonID`, `PersonRole`, `FirstName`, `LastName`, `Address`, `Birthday`, `PhoneNumber`) VALUES (9, 'Nurse, Volunteer', 'Frida', 'Heaney', '64650 Arvel Mews\nEast Damaris, MO 9', '1972-05-21', '037-866-3024');
INSERT INTO `Person` (`PersonID`, `PersonRole`, `FirstName`, `LastName`, `Address`, `Birthday`, `PhoneNumber`) VALUES (10, 'Nurse, Volunteer', 'Audrey', 'Jacobs', '086 Rice Trail\nEast Raina, NC 41735', '1980-03-25', '1-712-039-0718');
INSERT INTO `Person` (`PersonID`, `PersonRole`, `FirstName`, `LastName`, `Address`, `Birthday`, `PhoneNumber`) VALUES (11, 'Nurse', 'Kris', 'Kozey', '000 Renner Greens\nNew Napoleon, KY', '1985-04-15', '(137)893-0976');
INSERT INTO `Person` (`PersonID`, `PersonRole`, `FirstName`, `LastName`, `Address`, `Birthday`, `PhoneNumber`) VALUES (12, 'Nurse', 'Cordell', 'Cassin', '18391 Hulda Mountain\nGerardhaven, N', '1987-03-10', '033.131.2250x40');
INSERT INTO `Person` (`PersonID`, `PersonRole`, `FirstName`, `LastName`, `Address`, `Birthday`, `PhoneNumber`) VALUES (13, 'Nurse', 'Emelie', 'Kling', '603 Stiedemann Cliffs Suite 544\nEas', '1973-04-17', '773.080.7362x44');
INSERT INTO `Person` (`PersonID`, `PersonRole`, `FirstName`, `LastName`, `Address`, `Birthday`, `PhoneNumber`) VALUES (14, 'Nurse', 'Raven', 'Reinger', '46640 Cloyd Tunnel Suite 491\nNew Ka', '1979-06-01', '669-966-3219');
INSERT INTO `Person` (`PersonID`, `PersonRole`, `FirstName`, `LastName`, `Address`, `Birthday`, `PhoneNumber`) VALUES (15, 'Nurse', 'Geo', 'Pfannerstill', '63548 Franco Ford Apt. 852\nSouth Fr', '1988-11-13', '597.817.9726x27');
INSERT INTO `Person` (`PersonID`, `PersonRole`, `FirstName`, `LastName`, `Address`, `Birthday`, `PhoneNumber`) VALUES (16, 'Nurse', 'Genesis', 'Frami', '33931 Schmitt Inlet Apt. 862\nFoster', '1995-11-04', '1-632-116-3225x');
INSERT INTO `Person` (`PersonID`, `PersonRole`, `FirstName`, `LastName`, `Address`, `Birthday`, `PhoneNumber`) VALUES (17, 'Nurse', 'Deangelo', 'Daugherty', '10495 Velda Crest\nWisokyberg, NC 81', '1989-07-28', '469-552-1708');
INSERT INTO `Person` (`PersonID`, `PersonRole`, `FirstName`, `LastName`, `Address`, `Birthday`, `PhoneNumber`) VALUES (18, 'Nurse', 'Roxanne', 'Labadie', '448 Regan Plains Apt. 597\nPort Joyc', '1971-08-27', '712-290-8928');
INSERT INTO `Person` (`PersonID`, `PersonRole`, `FirstName`, `LastName`, `Address`, `Birthday`, `PhoneNumber`) VALUES (19, 'Nurse', 'Eliza', 'Kerluke', '48235 Vandervort Fords Apt. 049\nSou', '1989-09-24', '(280)143-7487x9');
INSERT INTO `Person` (`PersonID`, `PersonRole`, `FirstName`, `LastName`, `Address`, `Birthday`, `PhoneNumber`) VALUES (20, 'Nurse', 'Donato', 'Marks', '88164 Shanel Flats\nCharlottestad, N', '2000-02-17', '539.014.7331');
INSERT INTO `Person` (`PersonID`, `PersonRole`, `FirstName`, `LastName`, `Address`, `Birthday`, `PhoneNumber`) VALUES (21, 'Nurse', 'Vicky', 'Shanahan', '3002 Lowe Path Apt. 885\nHesselside,', '1993-01-03', '587.650.6254x58');
INSERT INTO `Person` (`PersonID`, `PersonRole`, `FirstName`, `LastName`, `Address`, `Birthday`, `PhoneNumber`) VALUES (22, 'Nurse', 'Dallas', 'Hilll', '162 Cleo Place\nMargaretechester, WV', '1992-05-26', '(150)646-3738');
INSERT INTO `Person` (`PersonID`, `PersonRole`, `FirstName`, `LastName`, `Address`, `Birthday`, `PhoneNumber`) VALUES (23, 'Nurse', 'Fannie', 'Willms', '990 Jovani Throughway Suite 019\nSid', '1993-09-07', '616.303.2994');
INSERT INTO `Person` (`PersonID`, `PersonRole`, `FirstName`, `LastName`, `Address`, `Birthday`, `PhoneNumber`) VALUES (24, 'Nurse', 'Callie', 'McDermott', '84807 Sanford Viaduct Apt. 450\nVlad', '1994-08-21', '00728365256');
INSERT INTO `Person` (`PersonID`, `PersonRole`, `FirstName`, `LastName`, `Address`, `Birthday`, `PhoneNumber`) VALUES (25, 'Nurse', 'Gisselle', 'Rogahn', '7313 Antwan Port Suite 540\nLamarhav', '2001-03-27', '+20(5)581667610');
INSERT INTO `Person` (`PersonID`, `PersonRole`, `FirstName`, `LastName`, `Address`, `Birthday`, `PhoneNumber`) VALUES (26, 'Nurse', 'Liliane', 'Bauch', '09486 Heidi Pike\nNew Maureen, VT 63', '1981-10-24', '(554)788-7822x6');
INSERT INTO `Person` (`PersonID`, `PersonRole`, `FirstName`, `LastName`, `Address`, `Birthday`, `PhoneNumber`) VALUES (27, 'Nurse', 'Edyth', 'Reichert', '1748 Beahan Meadow Suite 855\nSouth', '1984-10-01', '1-501-632-1698');
INSERT INTO `Person` (`PersonID`, `PersonRole`, `FirstName`, `LastName`, `Address`, `Birthday`, `PhoneNumber`) VALUES (28, 'Nurse', 'Shanie', 'Berge', '87456 Peter Keys\nHermanville, HI 39', '1999-09-18', '+91(4)445885775');
INSERT INTO `Person` (`PersonID`, `PersonRole`, `FirstName`, `LastName`, `Address`, `Birthday`, `PhoneNumber`) VALUES (29, 'Nurse', 'Charles', 'Schamberger', '55066 Richard Plains Apt. 901\nNew M', '1987-06-22', '1-149-268-5066x');
INSERT INTO `Person` (`PersonID`, `PersonRole`, `FirstName`, `LastName`, `Address`, `Birthday`, `PhoneNumber`) VALUES (30, 'Nurse', 'Natalia', 'Spencer', '615 Aniya Pass\nSouth Mikel, MN 1260', '1990-06-06', '01154953077');
INSERT INTO `Person` (`PersonID`, `PersonRole`, `FirstName`, `LastName`, `Address`, `Birthday`, `PhoneNumber`) VALUES (31, 'Patient', 'Iva', 'Gerlach', '632 Davon Centers\nPaucekborough, SC', '1990-08-20', '(060)651-9822');
INSERT INTO `Person` (`PersonID`, `PersonRole`, `FirstName`, `LastName`, `Address`, `Birthday`, `PhoneNumber`) VALUES (32, 'Patient', 'Davon', 'Towne', '66823 Brent Cliffs\nLake Weldonton,', '1987-12-24', '(634)344-3957x5');
INSERT INTO `Person` (`PersonID`, `PersonRole`, `FirstName`, `LastName`, `Address`, `Birthday`, `PhoneNumber`) VALUES (33, 'Patient', 'Miles', 'Nicolas', '6817 Lilliana Port\nWest Carissa, NH', '1989-06-28', '140.234.7527x80');
INSERT INTO `Person` (`PersonID`, `PersonRole`, `FirstName`, `LastName`, `Address`, `Birthday`, `PhoneNumber`) VALUES (34, 'Patient', 'Lue', 'Kilback', '737 Sawayn Street\nSouth Don, NC 935', '1985-10-02', '255-386-8107');
INSERT INTO `Person` (`PersonID`, `PersonRole`, `FirstName`, `LastName`, `Address`, `Birthday`, `PhoneNumber`) VALUES (35, 'Patient', 'Reece', 'Beatty', '269 Romaine Views\nNew Ariborough, T', '1984-10-01', '674-740-4834x60');
INSERT INTO `Person` (`PersonID`, `PersonRole`, `FirstName`, `LastName`, `Address`, `Birthday`, `PhoneNumber`) VALUES (36, 'Patient', 'Jane', 'Jacobi', '7731 Davis Ridges\nLake Gunner, AK 6', '2010-07-18', '+26(3)588297522');
INSERT INTO `Person` (`PersonID`, `PersonRole`, `FirstName`, `LastName`, `Address`, `Birthday`, `PhoneNumber`) VALUES (37, 'Patient', 'Odie', 'Heller', '80772 Walsh Ways Suite 959\nBayleefu', '2004-08-16', '063-562-4423');
INSERT INTO `Person` (`PersonID`, `PersonRole`, `FirstName`, `LastName`, `Address`, `Birthday`, `PhoneNumber`) VALUES (38, 'Patient', 'Trey', 'Powlowski', '01202 Jeremie Inlet\nRitchietown, MS', '2009-12-12', '(934)117-4178x8');
INSERT INTO `Person` (`PersonID`, `PersonRole`, `FirstName`, `LastName`, `Address`, `Birthday`, `PhoneNumber`) VALUES (39, 'Patient', 'Jackeline', 'Armstrong', '12346 McClure Points Apt. 401\nBeula', '1981-10-09', '1-827-898-9314x');
INSERT INTO `Person` (`PersonID`, `PersonRole`, `FirstName`, `LastName`, `Address`, `Birthday`, `PhoneNumber`) VALUES (40, 'Patient', 'Leonor', 'Abernathy', '648 Verda Radial Suite 386\nSchimmel', '1979-07-31', '741.974.0633x98');
INSERT INTO `Person` (`PersonID`, `PersonRole`, `FirstName`, `LastName`, `Address`, `Birthday`, `PhoneNumber`) VALUES (41, 'Patient', 'Lou', 'Schultz', '54027 Efren Mountain Suite 852\nGerl', '1994-03-21', '01780538490');
INSERT INTO `Person` (`PersonID`, `PersonRole`, `FirstName`, `LastName`, `Address`, `Birthday`, `PhoneNumber`) VALUES (42, 'Patient', 'Lottie', 'Moen', '8885 Abernathy Extensions\nNorth Ame', '1990-02-05', '03485369158');
INSERT INTO `Person` (`PersonID`, `PersonRole`, `FirstName`, `LastName`, `Address`, `Birthday`, `PhoneNumber`) VALUES (43, 'Patient', 'Annette', 'Watsica', '070 Remington Ports\nEbbaville, IA 1', '2003-02-09', '816-702-9952x51');
INSERT INTO `Person` (`PersonID`, `PersonRole`, `FirstName`, `LastName`, `Address`, `Birthday`, `PhoneNumber`) VALUES (44, 'Patient', 'Mekhi', 'Donnelly', '99198 Dameon Extension\nNorth Ned, U', '2004-08-17', '+18(3)871497738');
INSERT INTO `Person` (`PersonID`, `PersonRole`, `FirstName`, `LastName`, `Address`, `Birthday`, `PhoneNumber`) VALUES (45, 'Patient', 'Zion', 'Bogisich', '7435 Denesik Pass Suite 357\nBeattyv', '1988-10-22', '01561620600');
INSERT INTO `Person` (`PersonID`, `PersonRole`, `FirstName`, `LastName`, `Address`, `Birthday`, `PhoneNumber`) VALUES (46, 'Patient', 'Walter', 'Pouros', '04435 Medhurst Cliffs Suite 010\nEdy', '1987-09-11', '053.905.7624x07');
INSERT INTO `Person` (`PersonID`, `PersonRole`, `FirstName`, `LastName`, `Address`, `Birthday`, `PhoneNumber`) VALUES (47, 'Patient', 'Evalyn', 'Anderson', '380 Candida Crossroad Suite 649\nRei', '1987-12-30', '221-196-0241');
INSERT INTO `Person` (`PersonID`, `PersonRole`, `FirstName`, `LastName`, `Address`, `Birthday`, `PhoneNumber`) VALUES (48, 'Patient', 'Ubaldo', 'Rippin', '379 Kemmer Locks\nPort Johnnyside, M', '2004-04-23', '(364)226-7400x0');
INSERT INTO `Person` (`PersonID`, `PersonRole`, `FirstName`, `LastName`, `Address`, `Birthday`, `PhoneNumber`) VALUES (49, 'Patient', 'Melba', 'Bashirian', '58444 Nader Stream Apt. 991\nWest Di', '1998-01-20', '547-615-8988x21');
INSERT INTO `Person` (`PersonID`, `PersonRole`, `FirstName`, `LastName`, `Address`, `Birthday`, `PhoneNumber`) VALUES (50, 'Patient', 'Jairo', 'Haag', '84852 Kaia Fort Apt. 355\nNew Gillia', '2001-12-17', '05423016580');
INSERT INTO `Person` (`PersonID`, `PersonRole`, `FirstName`, `LastName`, `Address`, `Birthday`, `PhoneNumber`) VALUES (51, 'Physician', 'Leanna', 'Purdy', '29295 Prosacco Union Suite 563\nKris', '1980-11-05', '280.029.5230x44');
INSERT INTO `Person` (`PersonID`, `PersonRole`, `FirstName`, `LastName`, `Address`, `Birthday`, `PhoneNumber`) VALUES (52, 'Physician', 'Damon', 'Beer', '02496 Moore Point Apt. 954\nWest Ryl', '1975-01-28', '861-377-2612');
INSERT INTO `Person` (`PersonID`, `PersonRole`, `FirstName`, `LastName`, `Address`, `Birthday`, `PhoneNumber`) VALUES (53, 'Physician', 'Melvin', 'Tremblay', '659 Sporer Road\nRaleighville, VA 21', '1972-08-05', '(920)551-9869x2');
INSERT INTO `Person` (`PersonID`, `PersonRole`, `FirstName`, `LastName`, `Address`, `Birthday`, `PhoneNumber`) VALUES (54, 'Physician', 'Rocky', 'Hammes', '772 Randal Green\nSamanthaside, UT 7', '1986-03-12', '886-070-5221');
INSERT INTO `Person` (`PersonID`, `PersonRole`, `FirstName`, `LastName`, `Address`, `Birthday`, `PhoneNumber`) VALUES (55, 'Physician', 'Evalyn', 'Zieme', '92956 Eli Isle Suite 192\nRaynorport', '1977-11-17', '1-174-244-2218');
INSERT INTO `Person` (`PersonID`, `PersonRole`, `FirstName`, `LastName`, `Address`, `Birthday`, `PhoneNumber`) VALUES (56, 'Physician', 'Lisette', 'Cummings', '445 Gleichner Hill\nSabrynaland, FL', '1970-08-29', '+99(6)843778064');
INSERT INTO `Person` (`PersonID`, `PersonRole`, `FirstName`, `LastName`, `Address`, `Birthday`, `PhoneNumber`) VALUES (57, 'Physician', 'Taylor', 'Hayes', '16102 Roslyn Way Suite 773\nEast Jer', '1971-03-17', '00202927640');
INSERT INTO `Person` (`PersonID`, `PersonRole`, `FirstName`, `LastName`, `Address`, `Birthday`, `PhoneNumber`) VALUES (58, 'Physician', 'Jolie', 'Upton', '3584 Kuphal Locks\nEzramouth, UT 592', '1998-04-03', '(046)768-7981x7');
INSERT INTO `Person` (`PersonID`, `PersonRole`, `FirstName`, `LastName`, `Address`, `Birthday`, `PhoneNumber`) VALUES (59, 'Physician', 'Lottie', 'Kuhn', '1177 Werner Curve Apt. 158\nPauceksi', '1977-04-22', '835.100.1255');
INSERT INTO `Person` (`PersonID`, `PersonRole`, `FirstName`, `LastName`, `Address`, `Birthday`, `PhoneNumber`) VALUES (60, 'Physician', 'Elvie', 'Schulist', '8276 Hosea Ferry Suite 296\nJaleelbu', '1970-11-21', '264.160.7103x05');
INSERT INTO `Person` (`PersonID`, `PersonRole`, `FirstName`, `LastName`, `Address`, `Birthday`, `PhoneNumber`) VALUES (61, 'Technician', 'Larue', 'Boehm', '1336 Fadel Trail\nKiannahaven, SC 80', '1987-05-11', '860-241-9413x08');
INSERT INTO `Person` (`PersonID`, `PersonRole`, `FirstName`, `LastName`, `Address`, `Birthday`, `PhoneNumber`) VALUES (62, 'Technician', 'Skye', 'Crona', '4116 Quigley Lights\nCronintown, MA', '1975-02-11', '+34(3)503005419');
INSERT INTO `Person` (`PersonID`, `PersonRole`, `FirstName`, `LastName`, `Address`, `Birthday`, `PhoneNumber`) VALUES (63, 'Technician', 'Lavinia', 'Frami', '0990 Kamille Coves\nSouth Marion, UT', '1972-01-02', '(960)858-2729');
INSERT INTO `Person` (`PersonID`, `PersonRole`, `FirstName`, `LastName`, `Address`, `Birthday`, `PhoneNumber`) VALUES (64, 'Technician', 'Seth', 'Bogisich', '136 Ferry Divide\nLindshire, IA 1110', '1999-07-25', '1-830-383-4829x');
INSERT INTO `Person` (`PersonID`, `PersonRole`, `FirstName`, `LastName`, `Address`, `Birthday`, `PhoneNumber`) VALUES (65, 'Technician', 'Melvin', 'Auer', '777 Brekke Wall Apt. 429\nBechtelarb', '1991-07-05', '(798)265-1055x0');
INSERT INTO `Person` (`PersonID`, `PersonRole`, `FirstName`, `LastName`, `Address`, `Birthday`, `PhoneNumber`) VALUES (66, 'Technician', 'Paolo', 'Klocko', '977 Rita Canyon Suite 474\nSouth Ima', '1984-06-05', '836.599.5908x07');
INSERT INTO `Person` (`PersonID`, `PersonRole`, `FirstName`, `LastName`, `Address`, `Birthday`, `PhoneNumber`) VALUES (67, 'Technician', 'Griffin', 'Dooley', '89559 Rutherford Squares\nVivienhave', '1976-12-26', '1-480-157-4958x');
INSERT INTO `Person` (`PersonID`, `PersonRole`, `FirstName`, `LastName`, `Address`, `Birthday`, `PhoneNumber`) VALUES (68, 'Technician', 'Freddie', 'Rice', '762 Pacocha Flat\nCadetown, NH 59885', '1969-02-13', '+13(4)726586579');
INSERT INTO `Person` (`PersonID`, `PersonRole`, `FirstName`, `LastName`, `Address`, `Birthday`, `PhoneNumber`) VALUES (69, 'Technician', 'Trudie', 'Schulist', '623 O\'Reilly Walks\nEvabury, MN 7292', '1998-04-04', '(199)349-6840');
INSERT INTO `Person` (`PersonID`, `PersonRole`, `FirstName`, `LastName`, `Address`, `Birthday`, `PhoneNumber`) VALUES (70, 'Technician', 'Maryse', 'Goldner', '7794 Swift Knolls Apt. 022\nAnnamaet', '1982-09-28', '(343)042-9541');
INSERT INTO `Person` (`PersonID`, `PersonRole`, `FirstName`, `LastName`, `Address`, `Birthday`, `PhoneNumber`) VALUES (71, 'Technician', 'Bianka', 'Morar', '578 Batz Drives\nLake Jordynview, CT', '1992-02-23', '1-505-990-4555');
INSERT INTO `Person` (`PersonID`, `PersonRole`, `FirstName`, `LastName`, `Address`, `Birthday`, `PhoneNumber`) VALUES (72, 'Technician', 'Gilberto', 'Stracke', '35969 Lulu Inlet Apt. 986\nEast Amel', '1988-09-10', '05583330301');
INSERT INTO `Person` (`PersonID`, `PersonRole`, `FirstName`, `LastName`, `Address`, `Birthday`, `PhoneNumber`) VALUES (73, 'Technician', 'Misty', 'Lueilwitz', '65042 Kiehn Tunnel Suite 802\nPort A', '1979-07-02', '(451)733-7393x5');
INSERT INTO `Person` (`PersonID`, `PersonRole`, `FirstName`, `LastName`, `Address`, `Birthday`, `PhoneNumber`) VALUES (74, 'Technician', 'Kyra', 'O\'Conner', '0605 Predovic Mountains Suite 330\nZ', '1990-05-23', '602.918.7010x76');
INSERT INTO `Person` (`PersonID`, `PersonRole`, `FirstName`, `LastName`, `Address`, `Birthday`, `PhoneNumber`) VALUES (75, 'Technician', 'Mortimer', 'Fay', '36687 Collier Route Suite 462\nWest', '1980-08-23', '1-909-536-9844');
INSERT INTO `Person` (`PersonID`, `PersonRole`, `FirstName`, `LastName`, `Address`, `Birthday`, `PhoneNumber`) VALUES (76, 'Technician', 'Elinor', 'Dooley', '761 Dominic Place Suite 092\nPort Al', '1992-02-12', '017.873.5461x55');
INSERT INTO `Person` (`PersonID`, `PersonRole`, `FirstName`, `LastName`, `Address`, `Birthday`, `PhoneNumber`) VALUES (77, 'Technician', 'Abdul', 'Johns', '045 Spencer Fords\nGailstad, MT 0792', '1972-08-31', '337-286-8325x82');
INSERT INTO `Person` (`PersonID`, `PersonRole`, `FirstName`, `LastName`, `Address`, `Birthday`, `PhoneNumber`) VALUES (78, 'Technician', 'Dane', 'Douglas', '9005 Hudson Hollow Suite 425\nEstell', '1987-09-30', '855-182-7880');
INSERT INTO `Person` (`PersonID`, `PersonRole`, `FirstName`, `LastName`, `Address`, `Birthday`, `PhoneNumber`) VALUES (79, 'Technician', 'Janice', 'Hamill', '983 Mitchell Mission\nNorth Era, AL', '1993-04-02', '349.218.0233');
INSERT INTO `Person` (`PersonID`, `PersonRole`, `FirstName`, `LastName`, `Address`, `Birthday`, `PhoneNumber`) VALUES (80, 'Technician', 'Carmella', 'Mayer', '69609 Jewel Keys\nLubowitzmouth, MO', '1984-01-10', '643.686.4059');
INSERT INTO `Person` (`PersonID`, `PersonRole`, `FirstName`, `LastName`, `Address`, `Birthday`, `PhoneNumber`) VALUES (81, 'Volunteer', 'Serenity', 'Hudson', '97295 Christina Court Apt. 155\nOkun', '1988-02-10', '06392600656');
INSERT INTO `Person` (`PersonID`, `PersonRole`, `FirstName`, `LastName`, `Address`, `Birthday`, `PhoneNumber`) VALUES (82, 'Volunteer', 'Ross', 'Kovacek', '1348 Shawn Point\nBrownfort, NJ 0821', '1977-01-25', '(321)252-7391x8');
INSERT INTO `Person` (`PersonID`, `PersonRole`, `FirstName`, `LastName`, `Address`, `Birthday`, `PhoneNumber`) VALUES (83, 'Volunteer', 'Delia', 'Murazik', '98815 Wiley Ports\nMcKenziefort, CO', '1983-12-30', '+51(0)180754118');
INSERT INTO `Person` (`PersonID`, `PersonRole`, `FirstName`, `LastName`, `Address`, `Birthday`, `PhoneNumber`) VALUES (84, 'Volunteer', 'Ashly', 'Nolan', '509 Kassulke Rest Suite 756\nSouth A', '1993-10-06', '1-558-988-8030');
INSERT INTO `Person` (`PersonID`, `PersonRole`, `FirstName`, `LastName`, `Address`, `Birthday`, `PhoneNumber`) VALUES (85, 'Volunteer', 'Clyde', 'Bernier', '436 Jannie Wells Suite 721\nPort Can', '1982-07-10', '901-010-2190');
INSERT INTO `Person` (`PersonID`, `PersonRole`, `FirstName`, `LastName`, `Address`, `Birthday`, `PhoneNumber`) VALUES (86, 'Volunteer', 'Virgie', 'Nienow', '96908 Mueller Stream\nNorth Erik, IN', '1967-04-26', '1-055-349-8055');
INSERT INTO `Person` (`PersonID`, `PersonRole`, `FirstName`, `LastName`, `Address`, `Birthday`, `PhoneNumber`) VALUES (87, 'Volunteer', 'Cindy', 'Heller', '011 Lavon Isle\nSatterfieldton, TX 8', '1992-06-09', '(752)195-6226x8');
INSERT INTO `Person` (`PersonID`, `PersonRole`, `FirstName`, `LastName`, `Address`, `Birthday`, `PhoneNumber`) VALUES (88, 'Volunteer', 'Fritz', 'Farrell', '05259 Hahn Estate\nEast Dejah, OR 55', '1987-12-10', '196.420.6357x74');
INSERT INTO `Person` (`PersonID`, `PersonRole`, `FirstName`, `LastName`, `Address`, `Birthday`, `PhoneNumber`) VALUES (89, 'Volunteer', 'Ethel', 'Ward', '86241 Quitzon Trafficway Apt. 449\nN', '1986-10-06', '621.440.7554');
INSERT INTO `Person` (`PersonID`, `PersonRole`, `FirstName`, `LastName`, `Address`, `Birthday`, `PhoneNumber`) VALUES (90, 'Volunteer', 'Magali', 'Lueilwitz', '86072 Ullrich Garden\nLake Agnes, RI', '1978-05-27', '00636075143');


#
# TABLE STRUCTURE FOR: Item
#

TRUNCATE Item;

INSERT INTO `Item` (`ItemID`, `ItemName`, `ItemDescription`, `ItemUnitCost`) VALUES (13000, 'Scalpel', 'Extremely sharp bladed instrument used for surgery', '6.29');
INSERT INTO `Item` (`ItemID`, `ItemName`, `ItemDescription`, `ItemUnitCost`) VALUES (13001, 'Bedpan', 'For patients who are unconscious or too weak to sit up or walk to the toilet to defecate', '7.38');
INSERT INTO `Item` (`ItemID`, `ItemName`, `ItemDescription`, `ItemUnitCost`) VALUES (13002, 'Gauze Sponge', 'Absorb blood and other fluids as well as clean wounds', '1.50');
INSERT INTO `Item` (`ItemID`, `ItemName`, `ItemDescription`, `ItemUnitCost`) VALUES (13003, 'Tuning Fork', 'To test for deafness and to categorize it', '4.25');
INSERT INTO `Item` (`ItemID`, `ItemName`, `ItemDescription`, `ItemUnitCost`) VALUES (13004, 'Endoscope', 'Used to look inside the gastrointestinal tract, used mainly in surgery or by surgical consultants', '633.66');
INSERT INTO `Item` (`ItemID`, `ItemName`, `ItemDescription`, `ItemUnitCost`) VALUES (13005, 'Otoscope', 'to look into the external ear cavity', '125.20');
INSERT INTO `Item` (`ItemID`, `ItemName`, `ItemDescription`, `ItemUnitCost`) VALUES (13006, 'Reflex Hammer', 'Test motor reflexes of the body', '10.10');
INSERT INTO `Item` (`ItemID`, `ItemName`, `ItemDescription`, `ItemUnitCost`) VALUES (13007, 'Transfusion Kit', 'To transfuse blood and blood products', '1250.75');
INSERT INTO `Item` (`ItemID`, `ItemName`, `ItemDescription`, `ItemUnitCost`) VALUES (13008, 'Tongue Depressor', 'For use in oral examination', '5.55');
INSERT INTO `Item` (`ItemID`, `ItemName`, `ItemDescription`, `ItemUnitCost`) VALUES (13009, 'Gas Cylinder', 'a supply of oxygen, nitrous oxide, carbon dioxide, etc.', '199.50');



#
# TABLE STRUCTURE FOR: CareCenter
#

TRUNCATE CareCenter;

INSERT INTO `CareCenter` (`CareCenterID`, `CareCenterName`, `CareCenterLocation`, `NurseIDInCharge`) VALUES (11000, 'Ward Zero', '221 101st Street, Nanaimo', 7002);
INSERT INTO `CareCenter` (`CareCenterID`, `CareCenterName`, `CareCenterLocation`, `NurseIDInCharge`) VALUES (11001, 'Newlife Clinic', '997 Aaron Way, Nanaimo', 7003);
INSERT INTO `CareCenter` (`CareCenterID`, `CareCenterName`, `CareCenterLocation`, `NurseIDInCharge`) VALUES (11002, 'Ultra Care', '136 Acacia Avenue, Nanaimo', 7006);
INSERT INTO `CareCenter` (`CareCenterID`, `CareCenterName`, `CareCenterLocation`, `NurseIDInCharge`) VALUES (11003, 'FowerFlake', '687 Alder Way', 7007);
INSERT INTO `CareCenter` (`CareCenterID`, `CareCenterName`, `CareCenterLocation`, `NurseIDInCharge`) VALUES (11004, 'West Valley Clinic', ' 062 Applecross Road, Nanaimo', 7009);
INSERT INTO `CareCenter` (`CareCenterID`, `CareCenterName`, `CareCenterLocation`, `NurseIDInCharge`) VALUES (11005, 'East Valley Clinic', ' 287 Buck Road, Nanaimo', 7017);
INSERT INTO `CareCenter` (`CareCenterID`, `CareCenterName`, `CareCenterLocation`, `NurseIDInCharge`) VALUES (11006, 'Hope Peak', ' 720 Butternut Drive, Nanaimo', 7019);
INSERT INTO `CareCenter` (`CareCenterID`, `CareCenterName`, `CareCenterLocation`, `NurseIDInCharge`) VALUES (11007, 'Combination Register Clinic', ' 247 Botsford Place, Nanaimo', 7026);
INSERT INTO `CareCenter` (`CareCenterID`, `CareCenterName`, `CareCenterLocation`, `NurseIDInCharge`) VALUES (11008, 'Body Place Clinic', '300 Early Drive, Nanaimo', 7027);
INSERT INTO `CareCenter` (`CareCenterID`, `CareCenterName`, `CareCenterLocation`, `NurseIDInCharge`) VALUES (11009, 'Silver Health Group', '412 Emblem Road, Nanaimo', 7029);



#
# TABLE STRUCTURE FOR: Bed
#

TRUNCATE Bed;

INSERT INTO `Bed` (`BedID`, `BedNumber`, `RoomNumber`, `CareCenterID`, `PatientID`) VALUES (12000, 702, 359, 11000, 2000);
INSERT INTO `Bed` (`BedID`, `BedNumber`, `RoomNumber`, `CareCenterID`, `PatientID`) VALUES (12001, 3907, 925, 11001, 2001);
INSERT INTO `Bed` (`BedID`, `BedNumber`, `RoomNumber`, `CareCenterID`, `PatientID`) VALUES (12002, 7366, 227, 11002, 2002);
INSERT INTO `Bed` (`BedID`, `BedNumber`, `RoomNumber`, `CareCenterID`, `PatientID`) VALUES (12003, 1525, 837, 11003, 2003);
INSERT INTO `Bed` (`BedID`, `BedNumber`, `RoomNumber`, `CareCenterID`, `PatientID`) VALUES (12004, 2541, 322, 11004, 2004);
INSERT INTO `Bed` (`BedID`, `BedNumber`, `RoomNumber`, `CareCenterID`, `PatientID`) VALUES (12005, 26, 224, 11005, 2005);
INSERT INTO `Bed` (`BedID`, `BedNumber`, `RoomNumber`, `CareCenterID`, `PatientID`) VALUES (12006, 336, 444, 11006, 2006);
INSERT INTO `Bed` (`BedID`, `BedNumber`, `RoomNumber`, `CareCenterID`, `PatientID`) VALUES (12007, 969, 548, 13007, 2007);
INSERT INTO `Bed` (`BedID`, `BedNumber`, `RoomNumber`, `CareCenterID`, `PatientID`) VALUES (12008, 62, 275, 11008, 2008);
INSERT INTO `Bed` (`BedID`, `BedNumber`, `RoomNumber`, `CareCenterID`, `PatientID`) VALUES (12009, 880, 271, 11009, 2009);


#
# TABLE STRUCTURE FOR: CareCenterNurse
#

TRUNCATE CareCenterNurse;

INSERT INTO `CareCenterNurse` (`NurseID`, `CareCenterID`) VALUES (7000, 11000);
INSERT INTO `CareCenterNurse` (`NurseID`, `CareCenterID`) VALUES (7001, 11001);
INSERT INTO `CareCenterNurse` (`NurseID`, `CareCenterID`) VALUES (7002, 11002);
INSERT INTO `CareCenterNurse` (`NurseID`, `CareCenterID`) VALUES (7003, 11003);
INSERT INTO `CareCenterNurse` (`NurseID`, `CareCenterID`) VALUES (7004, 11004);
INSERT INTO `CareCenterNurse` (`NurseID`, `CareCenterID`) VALUES (7005, 11005);
INSERT INTO `CareCenterNurse` (`NurseID`, `CareCenterID`) VALUES (7006, 11006);
INSERT INTO `CareCenterNurse` (`NurseID`, `CareCenterID`) VALUES (7007, 11007);
INSERT INTO `CareCenterNurse` (`NurseID`, `CareCenterID`) VALUES (7008, 11008);
INSERT INTO `CareCenterNurse` (`NurseID`, `CareCenterID`) VALUES (7009, 11009);
INSERT INTO `CareCenterNurse` (`NurseID`, `CareCenterID`) VALUES (7010, 11000);
INSERT INTO `CareCenterNurse` (`NurseID`, `CareCenterID`) VALUES (7011, 11001);
INSERT INTO `CareCenterNurse` (`NurseID`, `CareCenterID`) VALUES (7012, 11002);
INSERT INTO `CareCenterNurse` (`NurseID`, `CareCenterID`) VALUES (7013, 11003);
INSERT INTO `CareCenterNurse` (`NurseID`, `CareCenterID`) VALUES (7014, 11004);
INSERT INTO `CareCenterNurse` (`NurseID`, `CareCenterID`) VALUES (7015, 11005);
INSERT INTO `CareCenterNurse` (`NurseID`, `CareCenterID`) VALUES (7016, 11006);
INSERT INTO `CareCenterNurse` (`NurseID`, `CareCenterID`) VALUES (7017, 11007);
INSERT INTO `CareCenterNurse` (`NurseID`, `CareCenterID`) VALUES (7018, 11008);
INSERT INTO `CareCenterNurse` (`NurseID`, `CareCenterID`) VALUES (7019, 11009);
INSERT INTO `CareCenterNurse` (`NurseID`, `CareCenterID`) VALUES (7020, 11000);
INSERT INTO `CareCenterNurse` (`NurseID`, `CareCenterID`) VALUES (7021, 11001);
INSERT INTO `CareCenterNurse` (`NurseID`, `CareCenterID`) VALUES (7022, 11002);
INSERT INTO `CareCenterNurse` (`NurseID`, `CareCenterID`) VALUES (7023, 11003);
INSERT INTO `CareCenterNurse` (`NurseID`, `CareCenterID`) VALUES (7024, 11004);
INSERT INTO `CareCenterNurse` (`NurseID`, `CareCenterID`) VALUES (7025, 11005);
INSERT INTO `CareCenterNurse` (`NurseID`, `CareCenterID`) VALUES (7026, 11006);
INSERT INTO `CareCenterNurse` (`NurseID`, `CareCenterID`) VALUES (7027, 11007);
INSERT INTO `CareCenterNurse` (`NurseID`, `CareCenterID`) VALUES (7028, 11008);
INSERT INTO `CareCenterNurse` (`NurseID`, `CareCenterID`) VALUES (7029, 11009);


#
# TABLE STRUCTURE FOR: CareCenterPhysician
#

TRUNCATE CareCenterPhysician;
INSERT INTO `CareCenterPhysician` (`PhysicianID`, `CareCenterID`) VALUES (5000, 11000);
INSERT INTO `CareCenterPhysician` (`PhysicianID`, `CareCenterID`) VALUES (5001, 11001);
INSERT INTO `CareCenterPhysician` (`PhysicianID`, `CareCenterID`) VALUES (5002, 11002);
INSERT INTO `CareCenterPhysician` (`PhysicianID`, `CareCenterID`) VALUES (5003, 11003);
INSERT INTO `CareCenterPhysician` (`PhysicianID`, `CareCenterID`) VALUES (5004, 11004);
INSERT INTO `CareCenterPhysician` (`PhysicianID`, `CareCenterID`) VALUES (5005, 11005);
INSERT INTO `CareCenterPhysician` (`PhysicianID`, `CareCenterID`) VALUES (5006, 11006);
INSERT INTO `CareCenterPhysician` (`PhysicianID`, `CareCenterID`) VALUES (5007, 11007);
INSERT INTO `CareCenterPhysician` (`PhysicianID`, `CareCenterID`) VALUES (5008, 11008);
INSERT INTO `CareCenterPhysician` (`PhysicianID`, `CareCenterID`) VALUES (5009, 11009);


#
# TABLE STRUCTURE FOR: ClinicRecords
#

TRUNCATE clinicrecords;

INSERT INTO `ClinicRecords` (`DateStart`, `DateEnd`, `EmployeeHours`, `EmployeeID`, `CareCenterID`) VALUES ('2018-03-07', '2018-03-24', 82, 6000, 11000);
INSERT INTO `ClinicRecords` (`DateStart`, `DateEnd`, `EmployeeHours`, `EmployeeID`, `CareCenterID`) VALUES ('2018-03-08', '2018-03-27', 86, 6001, 11001);
INSERT INTO `ClinicRecords` (`DateStart`, `DateEnd`, `EmployeeHours`, `EmployeeID`, `CareCenterID`) VALUES ('2018-03-09', '2018-03-25', 74, 6002, 11002);
INSERT INTO `ClinicRecords` (`DateStart`, `DateEnd`, `EmployeeHours`, `EmployeeID`, `CareCenterID`) VALUES ('2018-03-07', '2018-03-15', 43, 6003, 11003);
INSERT INTO `ClinicRecords` (`DateStart`, `DateEnd`, `EmployeeHours`, `EmployeeID`, `CareCenterID`) VALUES ('2018-03-06', '2018-03-14', 44, 6004, 11004);
INSERT INTO `ClinicRecords` (`DateStart`, `DateEnd`, `EmployeeHours`, `EmployeeID`, `CareCenterID`) VALUES ('2018-03-07', '2018-03-22', 79, 6046, 11005);
INSERT INTO `ClinicRecords` (`DateStart`, `DateEnd`, `EmployeeHours`, `EmployeeID`, `CareCenterID`) VALUES ('2018-03-05', '2018-03-13', 42, 6030, 11006);
INSERT INTO `ClinicRecords` (`DateStart`, `DateEnd`, `EmployeeHours`, `EmployeeID`, `CareCenterID`) VALUES ('2018-03-02', '2018-03-25', 88, 6031, 11007);
INSERT INTO `ClinicRecords` (`DateStart`, `DateEnd`, `EmployeeHours`, `EmployeeID`, `CareCenterID`) VALUES ('2018-03-07', '2018-03-15', 47, 6032, 11008);
INSERT INTO `ClinicRecords` (`DateStart`, `DateEnd`, `EmployeeHours`, `EmployeeID`, `CareCenterID`) VALUES ('2018-03-09', '2018-03-24', 76, 6033, 11009);





#
# TABLE STRUCTURE FOR: Employee
#

TRUNCATE Employee;

INSERT INTO `Employee` (`EmployeeID`, `EmployeeTypes`, `CareCenterID`, `PersonID`) VALUES (6000, 'Nurse, Technician', 11003, 1);
INSERT INTO `Employee` (`EmployeeID`, `EmployeeTypes`, `CareCenterID`,  `PersonID`) VALUES (6001, 'Nurse, Technician', 11001, 2);
INSERT INTO `Employee` (`EmployeeID`, `EmployeeTypes`, `CareCenterID`,  `PersonID`) VALUES (6002, 'Nurse, Technician', 11008, 3);
INSERT INTO `Employee` (`EmployeeID`, `EmployeeTypes`, `CareCenterID`,  `PersonID`) VALUES (6003, 'Nurse, Technician', 11000, 4);
INSERT INTO `Employee` (`EmployeeID`, `EmployeeTypes`, `CareCenterID`,  `PersonID`) VALUES (6004, 'Nurse, Technician', 11006, 5);
INSERT INTO `Employee` (`EmployeeID`, `EmployeeTypes`, `CareCenterID`,  `PersonID`) VALUES (6005, 'Nurse', 11009, 6);
INSERT INTO `Employee` (`EmployeeID`, `EmployeeTypes`, `CareCenterID`,  `PersonID`) VALUES (6006, 'Nurse', 11006, 7);
INSERT INTO `Employee` (`EmployeeID`, `EmployeeTypes`, `CareCenterID`,  `PersonID`) VALUES (6007, 'Nurse', 11004, 8);
INSERT INTO `Employee` (`EmployeeID`, `EmployeeTypes`, `CareCenterID`,  `PersonID`) VALUES (6008, 'Nurse', 11002, 9);
INSERT INTO `Employee` (`EmployeeID`, `EmployeeTypes`, `CareCenterID`,  `PersonID`) VALUES (6009, 'Nurse', 11001, 10);
INSERT INTO `Employee` (`EmployeeID`, `EmployeeTypes`, `CareCenterID`,  `PersonID`) VALUES (6010, 'Nurse', 11000, 11);
INSERT INTO `Employee` (`EmployeeID`, `EmployeeTypes`, `CareCenterID`,  `PersonID`) VALUES (6011, 'Nurse', 11007, 12);
INSERT INTO `Employee` (`EmployeeID`, `EmployeeTypes`, `CareCenterID`,  `PersonID`) VALUES (6012, 'Nurse', 11003, 13);
INSERT INTO `Employee` (`EmployeeID`, `EmployeeTypes`, `CareCenterID`,  `PersonID`) VALUES (6013, 'Nurse', 11005, 14);
INSERT INTO `Employee` (`EmployeeID`, `EmployeeTypes`, `CareCenterID`,  `PersonID`) VALUES (6014, 'Nurse', 11006, 15);
INSERT INTO `Employee` (`EmployeeID`, `EmployeeTypes`, `CareCenterID`,  `PersonID`) VALUES (6015, 'Nurse', 11009, 16);
INSERT INTO `Employee` (`EmployeeID`, `EmployeeTypes`, `CareCenterID`,  `PersonID`) VALUES (6016, 'Nurse', 11008, 17);
INSERT INTO `Employee` (`EmployeeID`, `EmployeeTypes`, `CareCenterID`,  `PersonID`) VALUES (6017, 'Nurse', 11002, 18);
INSERT INTO `Employee` (`EmployeeID`, `EmployeeTypes`, `CareCenterID`,  `PersonID`) VALUES (6018, 'Nurse', 11005, 19);
INSERT INTO `Employee` (`EmployeeID`, `EmployeeTypes`, `CareCenterID`,  `PersonID`) VALUES (6019, 'Nurse', 11007, 20);
INSERT INTO `Employee` (`EmployeeID`, `EmployeeTypes`, `CareCenterID`,  `PersonID`) VALUES (6020, 'Nurse', 11000, 21);
INSERT INTO `Employee` (`EmployeeID`, `EmployeeTypes`, `CareCenterID`,  `PersonID`) VALUES (6021, 'Nurse', 11003, 22);
INSERT INTO `Employee` (`EmployeeID`, `EmployeeTypes`, `CareCenterID`,  `PersonID`) VALUES (6022, 'Nurse', 11004, 23);
INSERT INTO `Employee` (`EmployeeID`, `EmployeeTypes`, `CareCenterID`,  `PersonID`) VALUES (6023, 'Nurse', 11001, 24);
INSERT INTO `Employee` (`EmployeeID`, `EmployeeTypes`, `CareCenterID`,  `PersonID`) VALUES (6024, 'Nurse', 11005, 25);
INSERT INTO `Employee` (`EmployeeID`, `EmployeeTypes`, `CareCenterID`,  `PersonID`) VALUES (6025, 'Nurse', 11006, 26);
INSERT INTO `Employee` (`EmployeeID`, `EmployeeTypes`, `CareCenterID`,  `PersonID`) VALUES (6026, 'Nurse', 11008, 27);
INSERT INTO `Employee` (`EmployeeID`, `EmployeeTypes`, `CareCenterID`,  `PersonID`) VALUES (6027, 'Nurse', 11007, 28);
INSERT INTO `Employee` (`EmployeeID`, `EmployeeTypes`, `CareCenterID`,  `PersonID`) VALUES (6028, 'Nurse', 11009, 29);
INSERT INTO `Employee` (`EmployeeID`, `EmployeeTypes`, `CareCenterID`,  `PersonID`) VALUES (6029, 'Nurse', 11005, 30);
INSERT INTO `Employee` (`EmployeeID`, `EmployeeTypes`, `CareCenterID`,  `PersonID`) VALUES (6030, 'Technician', 11000, 61);
INSERT INTO `Employee` (`EmployeeID`, `EmployeeTypes`, `CareCenterID`,  `PersonID`) VALUES (6031, 'Technician', 11002, 62);
INSERT INTO `Employee` (`EmployeeID`, `EmployeeTypes`, `CareCenterID`,  `PersonID`) VALUES (6032, 'Technician', 11007, 63);
INSERT INTO `Employee` (`EmployeeID`, `EmployeeTypes`, `CareCenterID`,  `PersonID`) VALUES (6033, 'Technician', 11004, 64);
INSERT INTO `Employee` (`EmployeeID`, `EmployeeTypes`, `CareCenterID`,  `PersonID`) VALUES (6034, 'Technician', 11009, 65);
INSERT INTO `Employee` (`EmployeeID`, `EmployeeTypes`, `CareCenterID`,  `PersonID`) VALUES (6035, 'Technician', 11003, 66);
INSERT INTO `Employee` (`EmployeeID`, `EmployeeTypes`, `CareCenterID`,  `PersonID`) VALUES (6036, 'Technician', 11006, 67);
INSERT INTO `Employee` (`EmployeeID`, `EmployeeTypes`, `CareCenterID`,  `PersonID`) VALUES (6037, 'Technician', 11005, 68);
INSERT INTO `Employee` (`EmployeeID`, `EmployeeTypes`, `CareCenterID`,  `PersonID`) VALUES (6038, 'Technician', 11001, 69);
INSERT INTO `Employee` (`EmployeeID`, `EmployeeTypes`, `CareCenterID`,  `PersonID`) VALUES (6039, 'Technician', 11008, 70);
INSERT INTO `Employee` (`EmployeeID`, `EmployeeTypes`, `CareCenterID`,  `PersonID`) VALUES (6040, 'Technician', 11007, 1);
INSERT INTO `Employee` (`EmployeeID`, `EmployeeTypes`, `CareCenterID`,  `PersonID`) VALUES (6041, 'Technician', 11000, 72);
INSERT INTO `Employee` (`EmployeeID`, `EmployeeTypes`, `CareCenterID`,  `PersonID`) VALUES (6042, 'Technician', 11003, 73);
INSERT INTO `Employee` (`EmployeeID`, `EmployeeTypes`, `CareCenterID`,  `PersonID`) VALUES (6043, 'Technician', 11002, 74);
INSERT INTO `Employee` (`EmployeeID`, `EmployeeTypes`, `CareCenterID`,  `PersonID`) VALUES (6044, 'Technician', 11005, 75);
INSERT INTO `Employee` (`EmployeeID`, `EmployeeTypes`, `CareCenterID`,  `PersonID`) VALUES (6045, 'Technician', 11009, 76);
INSERT INTO `Employee` (`EmployeeID`, `EmployeeTypes`, `CareCenterID`,  `PersonID`) VALUES (6046, 'Technician', 11001, 77);
INSERT INTO `Employee` (`EmployeeID`, `EmployeeTypes`, `CareCenterID`,  `PersonID`) VALUES (6047, 'Technician', 11004, 78);
INSERT INTO `Employee` (`EmployeeID`, `EmployeeTypes`, `CareCenterID`,  `PersonID`) VALUES (6048, 'Technician', 11006, 79);
INSERT INTO `Employee` (`EmployeeID`, `EmployeeTypes`, `CareCenterID`,  `PersonID`) VALUES (6049, 'Technician', 11009, 80);


#
# TABLE STRUCTURE FOR: LabTechs
#

TRUNCATE LabTechs;

INSERT INTO `LabTechs` (`LabratoryID`, `TechnicianID`) VALUES (10000, 9000);
INSERT INTO `LabTechs` (`LabratoryID`, `TechnicianID`) VALUES (10001, 9001);
INSERT INTO `LabTechs` (`LabratoryID`, `TechnicianID`) VALUES (10002, 9002);
INSERT INTO `LabTechs` (`LabratoryID`, `TechnicianID`) VALUES (10003, 9003);
INSERT INTO `LabTechs` (`LabratoryID`, `TechnicianID`) VALUES (10004, 9004);
INSERT INTO `LabTechs` (`LabratoryID`, `TechnicianID`) VALUES (10005, 9005);
INSERT INTO `LabTechs` (`LabratoryID`, `TechnicianID`) VALUES (10006, 9006);
INSERT INTO `LabTechs` (`LabratoryID`, `TechnicianID`) VALUES (10007, 9007);
INSERT INTO `LabTechs` (`LabratoryID`, `TechnicianID`) VALUES (10008, 9008);
INSERT INTO `LabTechs` (`LabratoryID`, `TechnicianID`) VALUES (10009, 9009);


#
# TABLE STRUCTURE FOR: Labratory
#

TRUNCATE Labratory;

INSERT INTO `Labratory` (`LabratoryID`, `LabratoryName`, `LabratoryLocation`, `TechnicianID`) VALUES (10000, 'Impedit', ' Parksville', 9000);
INSERT INTO `Labratory` (`LabratoryID`, `LabratoryName`, `LabratoryLocation`, `TechnicianID`) VALUES (10001, 'Dolor', 'Nanaimo', 9001);
INSERT INTO `Labratory` (`LabratoryID`, `LabratoryName`, `LabratoryLocation`, `TechnicianID`) VALUES (10002, 'Molestiae', ' Victoria', 9002);
INSERT INTO `Labratory` (`LabratoryID`, `LabratoryName`, `LabratoryLocation`, `TechnicianID`) VALUES (10003, 'Ex', 'Nanaimo', 9003);
INSERT INTO `Labratory` (`LabratoryID`, `LabratoryName`, `LabratoryLocation`, `TechnicianID`) VALUES (10004, 'Quo', 'Nanaimo', 9004);
INSERT INTO `Labratory` (`LabratoryID`, `LabratoryName`, `LabratoryLocation`, `TechnicianID`) VALUES (10005, 'Minus', ' Victoria', 9005);
INSERT INTO `Labratory` (`LabratoryID`, `LabratoryName`, `LabratoryLocation`, `TechnicianID`) VALUES (10006, 'Molestiae', ' Victoria', 9006);
INSERT INTO `Labratory` (`LabratoryID`, `LabratoryName`, `LabratoryLocation`, `TechnicianID`) VALUES (10007, 'Sunt', 'Nanaimo', 9007);
INSERT INTO `Labratory` (`LabratoryID`, `LabratoryName`, `LabratoryLocation`, `TechnicianID`) VALUES (10008, 'Dicta', ' Parksville', 9008);
INSERT INTO `Labratory` (`LabratoryID`, `LabratoryName`, `LabratoryLocation`, `TechnicianID`) VALUES (10009, 'Nesciunt', 'Nanaimo', 9009);


#
# TABLE STRUCTURE FOR: Medication
#

TRUNCATE Medication;

INSERT INTO `Medication` (`MedID`, `MedName`, `MedDescription`, `MedUnitCost`) VALUES (14000, 'Viagra', 'Gets the engine started.', '69.14');
INSERT INTO `Medication` (`MedID`, `MedName`, `MedDescription`, `MedUnitCost`) VALUES (14001, 'Tylenol', 'When you arent really in pain but think you are.', '15.99');
INSERT INTO `Medication` (`MedID`, `MedName`, `MedDescription`, `MedUnitCost`) VALUES (14002, 'Buckleys', 'Great tasting cough syrup for treating cold symptoms.', '20.18');
INSERT INTO `Medication` (`MedID`, `MedName`, `MedDescription`, `MedUnitCost`) VALUES (14003, 'Adderall', 'For treating ADHD..', '22.27');
INSERT INTO `Medication` (`MedID`, `MedName`, `MedDescription`, `MedUnitCost`) VALUES (14004, 'Muscle Relaxer', 'Relax the muscles.', '62.58');
INSERT INTO `Medication` (`MedID`, `MedName`, `MedDescription`, `MedUnitCost`) VALUES (14005, 'Morphine', 'Extremely Strong Painkiller.', '299.25');
INSERT INTO `Medication` (`MedID`, `MedName`, `MedDescription`, `MedUnitCost`) VALUES (14006, 'Benadryl', 'is an antihistamine mainly used to treat allergies.', '71.21');
INSERT INTO `Medication` (`MedID`, `MedName`, `MedDescription`, `MedUnitCost`) VALUES (14007, 'Haldol', 'An Anti Psychotic.', '321.99');
INSERT INTO `Medication` (`MedID`, `MedName`, `MedDescription`, `MedUnitCost`) VALUES (14008, 'Ziprasidone', 'helps restore the balance of certain natural substances in the brain', '72.99');
INSERT INTO `Medication` (`MedID`, `MedName`, `MedDescription`, `MedUnitCost`) VALUES (14009, 'Eflornithine', 'Drug used for the skin(can slow hair growth).', '132.28');



#
# TABLE STRUCTURE FOR: Nurse
#
TRUNCATE Nurse;

INSERT INTO `Nurse` (`NurseID`, `Certificate`, `EmployeeID`) VALUES (7000, ' no', 6000);
INSERT INTO `Nurse` (`NurseID`, `Certificate`, `EmployeeID`) VALUES (7001, ' no', 6001);
INSERT INTO `Nurse` (`NurseID`, `Certificate`, `EmployeeID`) VALUES (7002, 'yes', 6002);
INSERT INTO `Nurse` (`NurseID`, `Certificate`, `EmployeeID`) VALUES (7003, 'yes', 6003);
INSERT INTO `Nurse` (`NurseID`, `Certificate`, `EmployeeID`) VALUES (7004, ' no', 6004);
INSERT INTO `Nurse` (`NurseID`, `Certificate`, `EmployeeID`) VALUES (7005, ' no', 6005);
INSERT INTO `Nurse` (`NurseID`, `Certificate`, `EmployeeID`) VALUES (7006, 'yes', 6006);
INSERT INTO `Nurse` (`NurseID`, `Certificate`, `EmployeeID`) VALUES (7007, 'yes', 6007);
INSERT INTO `Nurse` (`NurseID`, `Certificate`, `EmployeeID`) VALUES (7008, ' no', 6008);
INSERT INTO `Nurse` (`NurseID`, `Certificate`, `EmployeeID`) VALUES (7009, 'yes', 6009);
INSERT INTO `Nurse` (`NurseID`, `Certificate`, `EmployeeID`) VALUES (7010, 'yes', 6010);
INSERT INTO `Nurse` (`NurseID`, `Certificate`, `EmployeeID`) VALUES (7011, 'yes', 6011);
INSERT INTO `Nurse` (`NurseID`, `Certificate`, `EmployeeID`) VALUES (7012, ' no', 6012);
INSERT INTO `Nurse` (`NurseID`, `Certificate`, `EmployeeID`) VALUES (7013, ' no', 6013);
INSERT INTO `Nurse` (`NurseID`, `Certificate`, `EmployeeID`) VALUES (7014, ' no', 6014);
INSERT INTO `Nurse` (`NurseID`, `Certificate`, `EmployeeID`) VALUES (7015, ' no', 6015);
INSERT INTO `Nurse` (`NurseID`, `Certificate`, `EmployeeID`) VALUES (7016, ' no', 6016);
INSERT INTO `Nurse` (`NurseID`, `Certificate`, `EmployeeID`) VALUES (7017, 'yes', 6017);
INSERT INTO `Nurse` (`NurseID`, `Certificate`, `EmployeeID`) VALUES (7018, ' no', 6018);
INSERT INTO `Nurse` (`NurseID`, `Certificate`, `EmployeeID`) VALUES (7019, 'yes', 6019);
INSERT INTO `Nurse` (`NurseID`, `Certificate`, `EmployeeID`) VALUES (7020, ' no', 6020);
INSERT INTO `Nurse` (`NurseID`, `Certificate`, `EmployeeID`) VALUES (7021, 'yes', 6021);
INSERT INTO `Nurse` (`NurseID`, `Certificate`, `EmployeeID`) VALUES (7022, 'yes', 6022);
INSERT INTO `Nurse` (`NurseID`, `Certificate`, `EmployeeID`) VALUES (7023, ' no', 6023);
INSERT INTO `Nurse` (`NurseID`, `Certificate`, `EmployeeID`) VALUES (7024, ' no', 6024);
INSERT INTO `Nurse` (`NurseID`, `Certificate`, `EmployeeID`) VALUES (7025, ' no', 6025);
INSERT INTO `Nurse` (`NurseID`, `Certificate`, `EmployeeID`) VALUES (7026, 'yes', 6026);
INSERT INTO `Nurse` (`NurseID`, `Certificate`, `EmployeeID`) VALUES (7027, 'yes', 6027);
INSERT INTO `Nurse` (`NurseID`, `Certificate`, `EmployeeID`) VALUES (7028, ' no', 6028);
INSERT INTO `Nurse` (`NurseID`, `Certificate`, `EmployeeID`) VALUES (7029, 'yes', 6029);






#
# TABLE STRUCTURE FOR: Outpatient
#

TRUNCATE Outpatient;
INSERT INTO `Outpatient` (`Outpatient`, `isOutpatient`) VALUES (0, ' no');
INSERT INTO `Outpatient` (`Outpatient`, `isOutpatient`) VALUES (1, 'yes');


#
# TABLE STRUCTURE FOR: Patient
#

TRUNCATE Patient;

INSERT INTO `Patient` (`PatientID`, `PersonID`, `ContactDate`, `AdmittanceDate`, `DischargeDate`, `Outpatient`, `PhysicianID`, `HistoryID`, `CareCenterID`) VALUES (2000, 31, '2003-09-04', '2003-10-12', '2003-11-20', 0, 5000, 4000, 11000);
INSERT INTO `Patient` (`PatientID`, `PersonID`, `ContactDate`, `AdmittanceDate`, `DischargeDate`, `Outpatient`, `PhysicianID`, `HistoryID`, `CareCenterID`) VALUES (2001, 32, '2011-11-18', '2011-12-03', '2011-12-30', 1, 5001, 4001, 11001);
INSERT INTO `Patient` (`PatientID`, `PersonID`, `ContactDate`, `AdmittanceDate`, `DischargeDate`, `Outpatient`, `PhysicianID`, `HistoryID`, `CareCenterID`) VALUES (2002, 33, '1985-03-01', '1985-04-01', '1985-06-13', 0, 5002, 4002, 11002);
INSERT INTO `Patient` (`PatientID`, `PersonID`, `ContactDate`, `AdmittanceDate`, `DischargeDate`, `Outpatient`, `PhysicianID`, `HistoryID`, `CareCenterID`) VALUES (2003, 34, '2012-05-21', '2012-06-15', '2012-08-23', 0, 5003, 4003, 11003);
INSERT INTO `Patient` (`PatientID`, `PersonID`, `ContactDate`, `AdmittanceDate`, `DischargeDate`, `Outpatient`, `PhysicianID`, `HistoryID`, `CareCenterID`) VALUES (2004, 35, '1975-12-12', '1976-01-07', '1976-04-20', 1, 5004, 4004, 11004);
INSERT INTO `Patient` (`PatientID`, `PersonID`, `ContactDate`, `AdmittanceDate`, `DischargeDate`, `Outpatient`, `PhysicianID`, `HistoryID`, `CareCenterID`) VALUES (2005, 36, '1985-04-19', '1985-05-21', '1985-6-29', 1, 5005, 4005, 11005);
INSERT INTO `Patient` (`PatientID`, `PersonID`, `ContactDate`, `AdmittanceDate`, `DischargeDate`, `Outpatient`, `PhysicianID`, `HistoryID`, `CareCenterID`) VALUES (2006, 37, '1992-04-17', '1992-05-09', '1992-07-12', 0, 5006, 4006, 11006);
INSERT INTO `Patient` (`PatientID`, `PersonID`, `ContactDate`, `AdmittanceDate`, `DischargeDate`, `Outpatient`, `PhysicianID`, `HistoryID`, `CareCenterID`) VALUES (2007, 38, '1999-07-08', '1999-07-29', '1999-10-18', 1, 5007, 4007, 11007);
INSERT INTO `Patient` (`PatientID`, `PersonID`, `ContactDate`, `AdmittanceDate`, `DischargeDate`, `Outpatient`, `PhysicianID`, `HistoryID`, `CareCenterID`) VALUES (2008, 39, '1989-04-18', '1989-05-17', '1989-10-09', 0, 5008, 4008, 11008);
INSERT INTO `Patient` (`PatientID`, `PersonID`, `ContactDate`, `AdmittanceDate`, `DischargeDate`, `Outpatient`, `PhysicianID`, `HistoryID`, `CareCenterID`) VALUES (2009, 40, '2016-11-01', '2016-11-22', '2017-02-23', 1, 5009, 4009, 11009);
INSERT INTO `Patient` (`PatientID`, `PersonID`, `ContactDate`, `AdmittanceDate`, `DischargeDate`, `Outpatient`, `PhysicianID`, `HistoryID`, `CareCenterID`) VALUES (2010, 41, '2003-10-04', '2003-11-02', '2004-02-16', 0, 5000, 4000, 11000);
INSERT INTO `Patient` (`PatientID`, `PersonID`, `ContactDate`, `AdmittanceDate`, `DischargeDate`, `Outpatient`, `PhysicianID`, `HistoryID`, `CareCenterID`) VALUES (2011, 42, '1998-11-18', '1998-12-04', '1999-02-01', 1, 5001, 4001, 11001);
INSERT INTO `Patient` (`PatientID`, `PersonID`, `ContactDate`, `AdmittanceDate`, `DischargeDate`, `Outpatient`, `PhysicianID`, `HistoryID`, `CareCenterID`) VALUES (2012, 43, '2017-03-01', '2017-03-24', '2017-06-13', 0, 5002, 4002, 11002);
INSERT INTO `Patient` (`PatientID`, `PersonID`, `ContactDate`, `AdmittanceDate`, `DischargeDate`, `Outpatient`, `PhysicianID`, `HistoryID`, `CareCenterID`) VALUES (2013, 44, '2012-05-21', '2012-05-29', '2012-10-23', 0, 5003, 4003, 11003);
INSERT INTO `Patient` (`PatientID`, `PersonID`, `ContactDate`, `AdmittanceDate`, `DischargeDate`, `Outpatient`, `PhysicianID`, `HistoryID`, `CareCenterID`) VALUES (2014, 45, '1975-12-12', '1976-01-07', '1976-04-08', 1, 5004, 4004, 11004);
INSERT INTO `Patient` (`PatientID`, `PersonID`, `ContactDate`, `AdmittanceDate`, `DischargeDate`, `Outpatient`, `PhysicianID`, `HistoryID`, `CareCenterID`) VALUES (2015, 46, '2010-04-19', '2010-05-10', '2011-02-25', 1, 5005, 4005, 11005);
INSERT INTO `Patient` (`PatientID`, `PersonID`, `ContactDate`, `AdmittanceDate`, `DischargeDate`, `Outpatient`, `PhysicianID`, `HistoryID`, `CareCenterID`) VALUES (2016, 47, '2011-04-17', '2011-05-03', '2011-06-12', 0, 5006, 4006, 11006);
INSERT INTO `Patient` (`PatientID`, `PersonID`, `ContactDate`, `AdmittanceDate`, `DischargeDate`, `Outpatient`, `PhysicianID`, `HistoryID`, `CareCenterID`) VALUES (2017, 48, '2003-07-08', '2003-07-17', '2003-08-18', 1, 5007, 4007, 11007);
INSERT INTO `Patient` (`PatientID`, `PersonID`, `ContactDate`, `AdmittanceDate`, `DischargeDate`, `Outpatient`, `PhysicianID`, `HistoryID`, `CareCenterID`) VALUES (2018, 49, '2005-04-18', '2005-04-25', '2005-06-09', 0, 5008, 4008, 11008);
INSERT INTO `Patient` (`PatientID`, `PersonID`, `ContactDate`, `AdmittanceDate`, `DischargeDate`, `Outpatient`, `PhysicianID`, `HistoryID`, `CareCenterID`) VALUES (2019, 50, '2014-09-01', '2014-09-20', '2014-10-02', 1, 5009, 4009, 11009);

#
# TABLE STRUCTURE FOR: Physician
#

TRUNCATE Physician;

INSERT INTO `Physician` (`PhysicianID`, `Specialty`, `PagerNumber`, `PersonID`) VALUES (5000, 'Internal Medicine', 1901, 51);
INSERT INTO `Physician` (`PhysicianID`, `Specialty`, `PagerNumber`, `PersonID`) VALUES (5001, 'Pediatrics', 10401, 52);
INSERT INTO `Physician` (`PhysicianID`, `Specialty`, `PagerNumber`, `PersonID`) VALUES (5002, 'Family Medicine', 8, 53);
INSERT INTO `Physician` (`PhysicianID`, `Specialty`, `PagerNumber`, `PersonID`) VALUES (5003, 'Cardiology', 2, 54);
INSERT INTO `Physician` (`PhysicianID`, `Specialty`, `PagerNumber`, `PersonID`) VALUES (5004, 'Neurology', 317, 55);
INSERT INTO `Physician` (`PhysicianID`, `Specialty`, `PagerNumber`, `PersonID`) VALUES (5005, 'Dermatology', 1, 56);
INSERT INTO `Physician` (`PhysicianID`, `Specialty`, `PagerNumber`, `PersonID`) VALUES (5006, 'Radiology', 8, 57);
INSERT INTO `Physician` (`PhysicianID`, `Specialty`, `PagerNumber`, `PersonID`) VALUES (5007, 'Urology', 81337, 58);
INSERT INTO `Physician` (`PhysicianID`, `Specialty`, `PagerNumber`, `PersonID`) VALUES (5008, 'Ocology', 3988725, 59);
INSERT INTO `Physician` (`PhysicianID`, `Specialty`, `PagerNumber`, `PersonID`) VALUES (5009, 'General Surgery', 7911627, 60);

#
# TABLE STRUCTURE FOR: PhysicianPatients
#

TRUNCATE PhysicianPatients;

INSERT INTO `PhysicianPatients` (`PatientID`, `PhysicianID`) VALUES (2000, 5000);
INSERT INTO `PhysicianPatients` (`PatientID`, `PhysicianID`) VALUES (2001, 5001);
INSERT INTO `PhysicianPatients` (`PatientID`, `PhysicianID`) VALUES (2002, 5002);
INSERT INTO `PhysicianPatients` (`PatientID`, `PhysicianID`) VALUES (2003, 5003);
INSERT INTO `PhysicianPatients` (`PatientID`, `PhysicianID`) VALUES (2004, 5004);
INSERT INTO `PhysicianPatients` (`PatientID`, `PhysicianID`) VALUES (2005, 5005);
INSERT INTO `PhysicianPatients` (`PatientID`, `PhysicianID`) VALUES (2006, 5006);
INSERT INTO `PhysicianPatients` (`PatientID`, `PhysicianID`) VALUES (2007, 5007);
INSERT INTO `PhysicianPatients` (`PatientID`, `PhysicianID`) VALUES (2008, 5008);
INSERT INTO `PhysicianPatients` (`PatientID`, `PhysicianID`) VALUES (2009, 5009);
INSERT INTO `PhysicianPatients` (`PatientID`, `PhysicianID`) VALUES (2010, 5000);
INSERT INTO `PhysicianPatients` (`PatientID`, `PhysicianID`) VALUES (2011, 5001);
INSERT INTO `PhysicianPatients` (`PatientID`, `PhysicianID`) VALUES (2012, 5002);
INSERT INTO `PhysicianPatients` (`PatientID`, `PhysicianID`) VALUES (2013, 5003);
INSERT INTO `PhysicianPatients` (`PatientID`, `PhysicianID`) VALUES (2014, 5004);
INSERT INTO `PhysicianPatients` (`PatientID`, `PhysicianID`) VALUES (2015, 5005);
INSERT INTO `PhysicianPatients` (`PatientID`, `PhysicianID`) VALUES (2016, 5006);
INSERT INTO `PhysicianPatients` (`PatientID`, `PhysicianID`) VALUES (2017, 5007);
INSERT INTO `PhysicianPatients` (`PatientID`, `PhysicianID`) VALUES (2018, 5008);
INSERT INTO `PhysicianPatients` (`PatientID`, `PhysicianID`) VALUES (2019, 5009);

#
# TABLE STRUCTURE FOR: StayHistory
#

TRUNCATE StayHistory;

INSERT INTO `StayHistory` (`HistoryID`, `DateIn`, `DateOut`, `PatientID`, `PhysicianID`) VALUES (4000, '1990-10-25', '2002-05-02', 2000, 5000);
INSERT INTO `StayHistory` (`HistoryID`, `DateIn`, `DateOut`, `PatientID`, `PhysicianID`) VALUES (4001, '2008-09-16', '2013-05-26', 2001, 5001);
INSERT INTO `StayHistory` (`HistoryID`, `DateIn`, `DateOut`, `PatientID`, `PhysicianID`) VALUES (4002, '2002-04-19', '2012-11-24', 2002, 5002);
INSERT INTO `StayHistory` (`HistoryID`, `DateIn`, `DateOut`, `PatientID`, `PhysicianID`) VALUES (4003, '1999-06-14', '1984-02-26', 2003, 5003);
INSERT INTO `StayHistory` (`HistoryID`, `DateIn`, `DateOut`, `PatientID`, `PhysicianID`) VALUES (4004, '1977-06-28', '1998-05-17', 2004, 5004);
INSERT INTO `StayHistory` (`HistoryID`, `DateIn`, `DateOut`, `PatientID`, `PhysicianID`) VALUES (4005, '1995-07-22', '1988-11-19', 2005, 5005);
INSERT INTO `StayHistory` (`HistoryID`, `DateIn`, `DateOut`, `PatientID`, `PhysicianID`) VALUES (4006, '1970-09-17', '2009-10-08', 2006, 5006);
INSERT INTO `StayHistory` (`HistoryID`, `DateIn`, `DateOut`, `PatientID`, `PhysicianID`) VALUES (4007, '2013-06-04', '1975-03-27', 2007, 5007);
INSERT INTO `StayHistory` (`HistoryID`, `DateIn`, `DateOut`, `PatientID`, `PhysicianID`) VALUES (4008, '2013-03-22', '2001-01-19', 2008, 5008);
INSERT INTO `StayHistory` (`HistoryID`, `DateIn`, `DateOut`, `PatientID`, `PhysicianID`) VALUES (4009, '2014-12-23', '2004-04-03', 2009, 5009);

#
# TABLE STRUCTURE FOR: Technician
#

TRUNCATE Technician;

INSERT INTO `Technician` (`TechnicianID`, `EmployeeID`, `Skill`) VALUES (9000, 6030, 'Mathematics');
INSERT INTO `Technician` (`TechnicianID`, `EmployeeID`, `Skill`) VALUES (9001, 6031, 'Biology');
INSERT INTO `Technician` (`TechnicianID`, `EmployeeID`, `Skill`) VALUES (9002, 6032, 'Chemistry');
INSERT INTO `Technician` (`TechnicianID`, `EmployeeID`, `Skill`) VALUES (9003, 6033, 'Physics');
INSERT INTO `Technician` (`TechnicianID`, `EmployeeID`, `Skill`) VALUES (9004, 6034, 'Mathematics');
INSERT INTO `Technician` (`TechnicianID`, `EmployeeID`, `Skill`) VALUES (9005, 6035, 'Mathematics');
INSERT INTO `Technician` (`TechnicianID`, `EmployeeID`, `Skill`) VALUES (9006, 6036, 'Physics');
INSERT INTO `Technician` (`TechnicianID`, `EmployeeID`, `Skill`) VALUES (9007, 6037, 'Chemistry');
INSERT INTO `Technician` (`TechnicianID`, `EmployeeID`, `Skill`) VALUES (9008, 6038, 'Biology');
INSERT INTO `Technician` (`TechnicianID`, `EmployeeID`, `Skill`) VALUES (9009, 6039, 'Chemistry');
INSERT INTO `Technician` (`TechnicianID`, `EmployeeID`, `Skill`) VALUES (9010, 6040, 'Mathematics');
INSERT INTO `Technician` (`TechnicianID`, `EmployeeID`, `Skill`) VALUES (9011, 6041, 'Biology');
INSERT INTO `Technician` (`TechnicianID`, `EmployeeID`, `Skill`) VALUES (9012, 6042, 'Chemistry');
INSERT INTO `Technician` (`TechnicianID`, `EmployeeID`, `Skill`) VALUES (9013, 6043, 'Physics');
INSERT INTO `Technician` (`TechnicianID`, `EmployeeID`, `Skill`) VALUES (9014, 6044, 'Mathematics');
INSERT INTO `Technician` (`TechnicianID`, `EmployeeID`, `Skill`) VALUES (9015, 6045, 'Mathematics');
INSERT INTO `Technician` (`TechnicianID`, `EmployeeID`, `Skill`) VALUES (9016, 6046, 'Physics');
INSERT INTO `Technician` (`TechnicianID`, `EmployeeID`, `Skill`) VALUES (9017, 6047, 'Chemistry'); 
INSERT INTO `Technician` (`TechnicianID`, `EmployeeID`, `Skill`) VALUES (9018, 6048, 'Biology');
INSERT INTO `Technician` (`TechnicianID`, `EmployeeID`, `Skill`) VALUES (9019, 6049, 'Chemistry');

#
# TABLE STRUCTURE FOR: Treatment
#

TRUNCATE Treatment;

INSERT INTO `Treatment` (`TreatmentID`, `TreatmentDate`, `TreatmentTime`, `PhysicianID`, `PatientID`) VALUES (15001, '2003-10-25', '23:47:59', 5000, 2000);
INSERT INTO `Treatment` (`TreatmentID`, `TreatmentDate`, `TreatmentTime`, `PhysicianID`, `PatientID`) VALUES (15002, '2011-12-10', '04:57:19', 5003, 2001);
INSERT INTO `Treatment` (`TreatmentID`, `TreatmentDate`, `TreatmentTime`, `PhysicianID`, `PatientID`) VALUES (15003, '1994-03-16', '23:20:22', 5002, 2002);
INSERT INTO `Treatment` (`TreatmentID`, `TreatmentDate`, `TreatmentTime`, `PhysicianID`, `PatientID`) VALUES (15004, '2008-04-30', '03:23:54', 5003, 2003);
INSERT INTO `Treatment` (`TreatmentID`, `TreatmentDate`, `TreatmentTime`, `PhysicianID`, `PatientID`) VALUES (15005, '2010-11-06', '05:27:44', 5004, 2004);
INSERT INTO `Treatment` (`TreatmentID`, `TreatmentDate`, `TreatmentTime`, `PhysicianID`, `PatientID`) VALUES (15006, '2009-02-14', '02:10:31', 5005, 2005);
INSERT INTO `Treatment` (`TreatmentID`, `TreatmentDate`, `TreatmentTime`, `PhysicianID`, `PatientID`) VALUES (15007, '2014-10-05', '19:35:47', 5004, 2006);
INSERT INTO `Treatment` (`TreatmentID`, `TreatmentDate`, `TreatmentTime`, `PhysicianID`, `PatientID`) VALUES (15008, '2011-02-20', '11:49:22', 5007, 2007);
INSERT INTO `Treatment` (`TreatmentID`, `TreatmentDate`, `TreatmentTime`, `PhysicianID`, `PatientID`) VALUES (15009, '2012-07-27', '21:38:27', 5007, 2008);
INSERT INTO `Treatment` (`TreatmentID`, `TreatmentDate`, `TreatmentTime`, `PhysicianID`, `PatientID`) VALUES (15010, '2015-09-23', '20:49:45', 5009, 2009);
INSERT INTO `Treatment` (`TreatmentID`, `TreatmentDate`, `TreatmentTime`, `PhysicianID`, `PatientID`) VALUES (15011, '2013-05-14', '11:38:20', 5007, 2010);
INSERT INTO `Treatment` (`TreatmentID`, `TreatmentDate`, `TreatmentTime`, `PhysicianID`, `PatientID`) VALUES (15012, '2008-07-25', '16:20:30', 5009, 2011);
INSERT INTO `Treatment` (`TreatmentID`, `TreatmentDate`, `TreatmentTime`, `PhysicianID`, `PatientID`) VALUES (15013, '2009-07-07', '09:52:02', 5007, 2012);
INSERT INTO `Treatment` (`TreatmentID`, `TreatmentDate`, `TreatmentTime`, `PhysicianID`, `PatientID`) VALUES (15014, '2012-02-24', '19:02:22', 5009, 2013);
INSERT INTO `Treatment` (`TreatmentID`, `TreatmentDate`, `TreatmentTime`, `PhysicianID`, `PatientID`) VALUES (15015, '2010-09-15', '21:45:59', 5007, 2014);
INSERT INTO `Treatment` (`TreatmentID`, `TreatmentDate`, `TreatmentTime`, `PhysicianID`, `PatientID`) VALUES (15016, '2017-09-22', '10:00:00', 5009, 2015);
INSERT INTO `Treatment` (`TreatmentID`, `TreatmentDate`, `TreatmentTime`, `PhysicianID`, `PatientID`) VALUES (15017, '2013-11-11', '12:10:15', 5007, 2016);
INSERT INTO `Treatment` (`TreatmentID`, `TreatmentDate`, `TreatmentTime`, `PhysicianID`, `PatientID`) VALUES (15018, '2000-01-01', '23:35:19', 5009, 2017);
INSERT INTO `Treatment` (`TreatmentID`, `TreatmentDate`, `TreatmentTime`, `PhysicianID`, `PatientID`) VALUES (15019, '2013-03-17', '05:30:50', 5007, 2018);
INSERT INTO `Treatment` (`TreatmentID`, `TreatmentDate`, `TreatmentTime`, `PhysicianID`, `PatientID`) VALUES (15020, '2015-02-22', '08:40:30', 5007, 2019);
INSERT INTO `Treatment` (`TreatmentID`, `TreatmentDate`, `TreatmentTime`, `PhysicianID`, `PatientID`) VALUES (15021, '2017-10-04', '09:22:31', 5003, 2015);
INSERT INTO `Treatment` (`TreatmentID`, `TreatmentDate`, `TreatmentTime`, `PhysicianID`, `PatientID`) VALUES (15022, '2008-07-29', '08:20:09', 5005, 2011);




#
# TABLE STRUCTURE FOR: TreatmentItem
#

TRUNCATE TreatmentItem;

INSERT INTO `TreatmentItem` (`TreatmentID`, `ItemID`, `quantity`) VALUES (15000, 13000, 20 );
INSERT INTO `TreatmentItem` (`TreatmentID`, `ItemID`, `quantity`) VALUES (15001, 13001, 13);
INSERT INTO `TreatmentItem` (`TreatmentID`, `ItemID`, `quantity`) VALUES (15002, 13002, 92);
INSERT INTO `TreatmentItem` (`TreatmentID`, `ItemID`, `quantity`) VALUES (15003, 13003, 3);
INSERT INTO `TreatmentItem` (`TreatmentID`, `ItemID`, `quantity`) VALUES (15004, 13004, 47);
INSERT INTO `TreatmentItem` (`TreatmentID`, `ItemID`, `quantity`) VALUES (15005, 13005, 29);
INSERT INTO `TreatmentItem` (`TreatmentID`, `ItemID`, `quantity`) VALUES (15006, 13006, 24);
INSERT INTO `TreatmentItem` (`TreatmentID`, `ItemID`, `quantity`) VALUES (15007, 13007, 52);
INSERT INTO `TreatmentItem` (`TreatmentID`, `ItemID`, `quantity`) VALUES (15008, 13008, 17);
INSERT INTO `TreatmentItem` (`TreatmentID`, `ItemID`, `quantity`) VALUES (15009, 13009, 61);


#
# TABLE STRUCTURE FOR: TreatmentMedication
#

TRUNCATE TreatmentMedication;

INSERT INTO `TreatmentMedication` (`TreatmentID`, `MedID`, `quantity`) VALUES (15000, 14000, 23);
INSERT INTO `TreatmentMedication` (`TreatmentID`, `MedID`, `quantity`) VALUES (15001, 14001, 11);
INSERT INTO `TreatmentMedication` (`TreatmentID`, `MedID`, `quantity`) VALUES (15002, 14002, 46);
INSERT INTO `TreatmentMedication` (`TreatmentID`, `MedID`, `quantity`) VALUES (15003, 14003, 73);
INSERT INTO `TreatmentMedication` (`TreatmentID`, `MedID`, `quantity`) VALUES (15004, 14004, 21);
INSERT INTO `TreatmentMedication` (`TreatmentID`, `MedID`, `quantity`) VALUES (15005, 14005, 87);
INSERT INTO `TreatmentMedication` (`TreatmentID`, `MedID`, `quantity`) VALUES (15006, 14006, 53);
INSERT INTO `TreatmentMedication` (`TreatmentID`, `MedID`, `quantity`) VALUES (15007, 14007, 27);
INSERT INTO `TreatmentMedication` (`TreatmentID`, `MedID`, `quantity`) VALUES (15008, 14008, 7);
INSERT INTO `TreatmentMedication` (`TreatmentID`, `MedID`, `quantity`) VALUES (15009, 14009, 34);


#
# TABLE STRUCTURE FOR: Visit
#

TRUNCATE Visit;

INSERT INTO `Visit` (`VisitID`, `Date`, `Comments`, `PatientID`, `PhysicianID`) VALUES (3000, '1983-08-21', 'ea', 2000, 5000);
INSERT INTO `Visit` (`VisitID`, `Date`, `Comments`, `PatientID`, `PhysicianID`) VALUES (3001, '1998-11-25', 'delectus', 2001, 5001);
INSERT INTO `Visit` (`VisitID`, `Date`, `Comments`, `PatientID`, `PhysicianID`) VALUES (3002, '2012-02-19', 'alias', 2002, 5002);
INSERT INTO `Visit` (`VisitID`, `Date`, `Comments`, `PatientID`, `PhysicianID`) VALUES (3003, '2000-04-03', 'et', 2003, 5003);
INSERT INTO `Visit` (`VisitID`, `Date`, `Comments`, `PatientID`, `PhysicianID`) VALUES (3004, '1999-11-08', 'consequatur', 2004, 5004);
INSERT INTO `Visit` (`VisitID`, `Date`, `Comments`, `PatientID`, `PhysicianID`) VALUES (3005, '1986-03-29', 'vitae', 2005, 5005);
INSERT INTO `Visit` (`VisitID`, `Date`, `Comments`, `PatientID`, `PhysicianID`) VALUES (3006, '2002-07-09', 'aperiam', 2006, 5006);
INSERT INTO `Visit` (`VisitID`, `Date`, `Comments`, `PatientID`, `PhysicianID`) VALUES (3007, '1972-04-09', 'exercitationem', 2007, 5007);
INSERT INTO `Visit` (`VisitID`, `Date`, `Comments`, `PatientID`, `PhysicianID`) VALUES (3008, '2007-12-16', 'et', 2008, 5008);
INSERT INTO `Visit` (`VisitID`, `Date`, `Comments`, `PatientID`, `PhysicianID`) VALUES (3009, '1972-07-09', 'veniam', 2009, 5009);


#
# TABLE STRUCTURE FOR: Volunteer
#

TRUNCATE Volunteer;

INSERT INTO `Volunteer` (`VolunteerID`, `PersonID`, `Skill`) VALUES (1010, 1, 'Patient Advisor');
INSERT INTO `Volunteer` (`VolunteerID`, `PersonID`, `Skill`) VALUES (1011, 2, 'Lab Assistant');
INSERT INTO `Volunteer` (`VolunteerID`, `PersonID`, `Skill`) VALUES (1012, 3, 'Caretaker');
INSERT INTO `Volunteer` (`VolunteerID`, `PersonID`, `Skill`) VALUES (1013, 4, 'Janitor');
INSERT INTO `Volunteer` (`VolunteerID`, `PersonID`, `Skill`) VALUES (1014, 5, 'Lab Assistant');
INSERT INTO `Volunteer` (`VolunteerID`, `PersonID`, `Skill`) VALUES (1000, 81, 'Patient Advisor');
INSERT INTO `Volunteer` (`VolunteerID`, `PersonID`, `Skill`) VALUES (1001, 82, 'Lab Assistant');
INSERT INTO `Volunteer` (`VolunteerID`, `PersonID`, `Skill`) VALUES (1002, 83, 'Caretaker');
INSERT INTO `Volunteer` (`VolunteerID`, `PersonID`, `Skill`) VALUES (1003, 84, 'Janitor');
INSERT INTO `Volunteer` (`VolunteerID`, `PersonID`, `Skill`) VALUES (1004, 85, 'Lab Assistant');
INSERT INTO `Volunteer` (`VolunteerID`, `PersonID`, `Skill`) VALUES (1005, 86, 'Laundry Person');
INSERT INTO `Volunteer` (`VolunteerID`, `PersonID`, `Skill`) VALUES (1006, 87, 'Patient Advisor');
INSERT INTO `Volunteer` (`VolunteerID`, `PersonID`, `Skill`) VALUES (1007, 88, 'Caretaker');
INSERT INTO `Volunteer` (`VolunteerID`, `PersonID`, `Skill`) VALUES (1008, 89, 'Lab Assistant');
INSERT INTO `Volunteer` (`VolunteerID`, `PersonID`, `Skill`) VALUES (1009, 90, 'Janitor');

#
# TABLE STRUCTURE FOR: treatmenthistory
#

TRUNCATE treatmenthistory;

INSERT INTO `treatmenthistory` (`TreatmentID`, `HistoryID`) VALUES (15001, 4000);
INSERT INTO `treatmenthistory` (`TreatmentID`, `HistoryID`) VALUES (15002, 4001);
INSERT INTO `treatmenthistory` (`TreatmentID`, `HistoryID`) VALUES (15003, 4002);
INSERT INTO `treatmenthistory` (`TreatmentID`, `HistoryID`) VALUES (15004, 4003);
INSERT INTO `treatmenthistory` (`TreatmentID`, `HistoryID`) VALUES (15005, 4004);
INSERT INTO `treatmenthistory` (`TreatmentID`, `HistoryID`) VALUES (15006, 4005);
INSERT INTO `treatmenthistory` (`TreatmentID`, `HistoryID`) VALUES (15007, 4006);
INSERT INTO `treatmenthistory` (`TreatmentID`, `HistoryID`) VALUES (15008, 4007);
INSERT INTO `treatmenthistory` (`TreatmentID`, `HistoryID`) VALUES (15009, 4008);
INSERT INTO `treatmenthistory` (`TreatmentID`, `HistoryID`) VALUES (15010, 4009);


